Product Name,PriceAfter,PriceBefore,Discount,Ratings,Location,Chat_Response,Ship_Rate
Classic Luxury Watch for Men / Boys - Stylish Stainless Steel Analog Quartz Mens Watches,549,0,63,1001,Free Shipping,91,87
SKMEI Sports Fashion Quartz Dual Display Waterproof Watch For Men 1389,3799,4899,22,3936,Free Shipping,88,94
MWC New Arrival 2022 Fashion Women Men mesh Touch Led Bracelet Digital Watch Band for boys Girls- Led Touch Digital Display Watch Girls Silicone Strap Student Children wrist Watch Electronic Sports Watches,220,950,77,603,Free Shipping,92,93
Square Quartz Digital Dial Casual Wrist Watches Macaron Leather Strap Fashionable Clock Waterproof Wristwatch,670,1167,43,218,Free Shipping,81,87
Analog Watches For Girls Luxury Stylish Girls Analog Handmade Braided Bracelet Watch Thread Knitted Weaved Strap Women Dress Casual Watches Relogio Feminino Female Ladies Wrist Watch Best For Personal Use Or Gift Birthday Party,299,999,70,419,Free Shipping,91,85
M4 Waterproof Sport Led Digital Watch For Boys & Girls - All Colours Available,195,450,57,133,Pakistan,90,91
Military Men's Digital Sports Watch For Men Waterproof with LED Back light Watch for Men,599,736,19,217,Pakistan,90,95
LouisWill Gold Waterproof Wrist Watch with Calendar For Men,2529,4599,45,893,Free Shipping,91,91
Analog Thread Straps Watch For Girls,399,899,56,89,Pakistan,90,98
Luxury Women's Wrist Watches / Quartz Stainless Steel Wristwatch / Trendy All-match Ladies Watch,275,500,45,327,Free Shipping,91,96
Vocoal Business Women Watches Diamond Casuals Fashion Ceramic Strap Watches Quartz Watches Round Dial Watches 3ATM Waterproof Watches Business Wristwatch for Women Ladies,1899,2995,37,76,China,91,90
business steel straps round dial wrist watches hand watch-silver watch- men watches-watch for boys-watch for men-watch for kids-watch for young's-watch for boys stylish-branded-watch,397,1000,60,111,Pakistan,82,100
100% Imported  Top Quality Watch for men Latest New design 2023 watches for men women boy girl mens men's watch for gift 2022 steel chain branded casual wrist rubber anlog digital stylish led kid kids baby,800,3000,73,736,Pakistan,83,90
Elegant Luxury Women Watch Fashion Ladies Quartz Wristwatch Elegant Female Bracelet Watches-Rhinestone Wristwatch Bracelet Set,772,1537,50,441,Free Shipping,89,94
New Stylish Children Watches LED Digital Clock Silicone Watchband Square Sports Electronic Clock for Boys and Girls,180,400,55,282,Pakistan,85,90
Square Mirror Face Silicone Band Digital Watch Red LED Watches Sports Wristwatch for Unisex,180,650,72,25,Free Shipping,83,97
Army Military Waterproof Men Digital LED Sports Watches,499,1048,52,97,Pakistan,91,90
Cute And Classy Golden Magnetic Ladies Wrist Watch,279,499,44,574,Free Shipping,93,97
100% Imported Branded Watch for Men and Boys New Design 2023 - 8 Number Classic Watches for Mens,399,999,60,50,Free Shipping,91,92
Luxury Men's Business Quartz Watch Top Casual Leather Strap Calendar Watches for Women Men Sports Wristclock,590,878,33,505,Free Shipping,88,86
SKMEI Business Fashion Quartz Stainless Steel Waterproof Casual Watches for Men 9069,3269,4599,29,1255,Free Shipping,86,94
LouisWill Luminous Casual Wrist watch for men,2769,4599,40,1380,Free Shipping,88,91
Sport Silicone LED Watches Fashion Hot Selling Wrist Watch Digital Cool For Boys Girls Kids Online selling in All Over Pakstan 2022,199,500,60,375,Pakistan,88,90
21 In1 Interchangeable Straps And Dials Watch Set For Ladies,1799,1999,10,96,Pakistan,83,90
LouisWill Men's Fashion Watch Quartz Watches Double Calendar Watch Diamond Inlaid 30M Waterproof Watch Luminous Quartz Watch Steel Band Watch Luminous Pointer Wrist Watches for Men,3679,4599,20,1832,Free Shipping,91,92
Vocoal Women Watches Fashion Watches Casuals Quartz Watches Round Dial Watches 30M Waterproof Watches Alloy Thin Strap Business Wristwatch with Watch Adjuster for Women,1699,2407,29,61,China,88,88
Luxury Men's Business Quartz Watch Top Brand Casual Leather Strap Calendar Watches for Women Men Sports Wristclock,659,1116,41,547,Free Shipping,91,95
Stylis fashion watch for women,399,1200,67,688,Pakistan,84,90
Cute And Classy Black Magnetic Ladies Wrist Watch Black,299,499,40,299,Pakistan,80,86
Full Rhinestone Steel Belt Ladies Watch Roman Face Stars Temperament Business Women's Watch Bracelet Watch,335,666,50,19,China,87,95
Korean Ins Girls Alloy Ribbon Streamer Watch Female Accessories,674,1348,50,1091,Free Shipping,95,98
BTS Watch for Kpop Boys and Girls Army Fans Purple Design,549,0,0,208,Free Shipping,84,91
Branded Watch For Men and Boys Latest Design Matt Chain,789,2100,62,1007,Pakistan,82,89
Luxury Metal Bracelet Watches Ladies Fashion Casual Women Dress Watch,599,1198,50,80,Free Shipping,84,95
Heart Shape Bracelet Watch For Girls | New Arrival Heart Shape Dial Watch For Girls,299,800,63,254,Free Shipping,91,97
Stylish Watch For Woman (Luxury) Classy Women's Stainless Steel Wrist Watch for Girls,629,1000,37,103,Pakistan,80,86
Stylish Square Dial Smooth Silicon Straps Casual Watch Stylish Analog Watch for Boys Men's,349,999,65,309,Free Shipping,80,94
Fopul Mall Best Selling Ladies Square Rhinestone Bracelet Watch Set Wristwatches Leather Strap Luxury Quartz Watches for Women,1049,2199,52,1,China,92,98
Women's Diamond Roman Scale Steel Band Quartz Watch Strap Bracelet Strap Remover,284,479,41,47,Free Shipping,86,96
Imported Branded watch for men Latest New design 2023 watches for men women boy girl mens men's watch for gift 2021 steel chain branded casual wrist rubber anlog digital stylish,699,3000,77,542,Pakistan,95,92
Classic Luxury Watch for Men / Boys - Stylish Stainless Steel Analog Quartz Mens Watches,549,1499,63,1004,Free Shipping,88,89
SKMEI Sports Fashion Quartz Dual Display Waterproof Watch For Men 1389,3799,4899,22,3936,Free Shipping,88,99
MWC New Arrival 2022 Fashion Women Men mesh Touch Led Bracelet Digital Watch Band for boys Girls- Led Touch Digital Display Watch Girls Silicone Strap Student Children wrist Watch Electronic Sports Watches,220,950,77,603,Free Shipping,80,98
Square Quartz Digital Dial Casual Wrist Watches Macaron Leather Strap Fashionable Clock Waterproof Wristwatch,670,1167,43,218,Free Shipping,82,97
Analog Watches For Girls Luxury Stylish Girls Analog Handmade Braided Bracelet Watch Thread Knitted Weaved Strap Women Dress Casual Watches Relogio Feminino Female Ladies Wrist Watch Best For Personal Use Or Gift Birthday Party,299,999,70,419,Free Shipping,89,97
M4 Waterproof Sport Led Digital Watch For Boys & Girls - All Colours Available,195,450,57,133,Pakistan,91,88
Military Men's Digital Sports Watch For Men Waterproof with LED Back light Watch for Men,599,736,19,217,Pakistan,85,93
LouisWill Gold Waterproof Wrist Watch with Calendar For Men,2529,4599,45,893,Free Shipping,91,87
Analog Thread Straps Watch For Girls,399,899,56,89,Pakistan,87,95
Luxury Women's Wrist Watches / Quartz Stainless Steel Wristwatch / Trendy All-match Ladies Watch,275,500,45,327,Free Shipping,85,100
Vocoal Business Women Watches Diamond Casuals Fashion Ceramic Strap Watches Quartz Watches Round Dial Watches 3ATM Waterproof Watches Business Wristwatch for Women Ladies,1899,2995,37,76,China,85,87
business steel straps round dial wrist watches hand watch-silver watch- men watches-watch for boys-watch for men-watch for kids-watch for young's-watch for boys stylish-branded-watch,397,1000,60,111,Pakistan,94,97
100% Imported  Top Quality Watch for men Latest New design 2023 watches for men women boy girl mens men's watch for gift 2022 steel chain branded casual wrist rubber anlog digital stylish led kid kids baby,800,3000,73,736,Pakistan,92,93
Elegant Luxury Women Watch Fashion Ladies Quartz Wristwatch Elegant Female Bracelet Watches-Rhinestone Wristwatch Bracelet Set,772,1537,50,441,Free Shipping,91,94
New Stylish Children Watches LED Digital Clock Silicone Watchband Square Sports Electronic Clock for Boys and Girls,180,400,55,282,Pakistan,90,99
Square Mirror Face Silicone Band Digital Watch Red LED Watches Sports Wristwatch for Unisex,180,650,72,25,Free Shipping,81,86
Army Military Waterproof Men Digital LED Sports Watches,499,1048,52,97,Pakistan,86,89
Cute And Classy Golden Magnetic Ladies Wrist Watch,279,499,44,574,Free Shipping,92,87
100% Imported Branded Watch for Men and Boys New Design 2023 - 8 Number Classic Watches for Mens,399,999,60,50,Free Shipping,86,93
Luxury Men's Business Quartz Watch Top Casual Leather Strap Calendar Watches for Women Men Sports Wristclock,590,878,33,505,Free Shipping,95,92
SKMEI Business Fashion Quartz Stainless Steel Waterproof Casual Watches for Men 9069,3269,4599,29,1255,Free Shipping,90,89
LouisWill Luminous Casual Wrist watch for men,2769,4599,40,1380,Free Shipping,94,89
Sport Silicone LED Watches Fashion Hot Selling Wrist Watch Digital Cool For Boys Girls Kids Online selling in All Over Pakstan 2022,199,500,60,375,Pakistan,95,92
21 In1 Interchangeable Straps And Dials Watch Set For Ladies,1799,1999,10,96,Pakistan,84,98
LouisWill Men's Fashion Watch Quartz Watches Double Calendar Watch Diamond Inlaid 30M Waterproof Watch Luminous Quartz Watch Steel Band Watch Luminous Pointer Wrist Watches for Men,3679,4599,20,1832,Free Shipping,92,87
Vocoal Women Watches Fashion Watches Casuals Quartz Watches Round Dial Watches 30M Waterproof Watches Alloy Thin Strap Business Wristwatch with Watch Adjuster for Women,1699,2407,29,61,China,85,99
Luxury Men's Business Quartz Watch Top Brand Casual Leather Strap Calendar Watches for Women Men Sports Wristclock,659,1116,41,547,Free Shipping,87,93
Stylis fashion watch for women,399,1200,67,688,Pakistan,86,87
Cute And Classy Black Magnetic Ladies Wrist Watch Black,299,499,40,299,Pakistan,85,99
Full Rhinestone Steel Belt Ladies Watch Roman Face Stars Temperament Business Women's Watch Bracelet Watch,335,666,50,19,China,80,88
Korean Ins Girls Alloy Ribbon Streamer Watch Female Accessories,674,1348,50,1091,Free Shipping,84,98
BTS Watch for Kpop Boys and Girls Army Fans Purple Design,549,0,0,208,Free Shipping,93,91
Branded Watch For Men and Boys Latest Design Matt Chain,789,2100,62,1007,Pakistan,88,87
Luxury Metal Bracelet Watches Ladies Fashion Casual Women Dress Watch,599,1198,50,80,Free Shipping,87,99
Heart Shape Bracelet Watch For Girls | New Arrival Heart Shape Dial Watch For Girls,299,800,63,254,Free Shipping,93,93
Stylish Watch For Woman (Luxury) Classy Women's Stainless Steel Wrist Watch for Girls,629,1000,37,103,Pakistan,93,94
Stylish Square Dial Smooth Silicon Straps Casual Watch Stylish Analog Watch for Boys Men's,349,999,65,309,Free Shipping,93,87
Fopul Mall Best Selling Ladies Square Rhinestone Bracelet Watch Set Wristwatches Leather Strap Luxury Quartz Watches for Women,1049,2199,52,1,China,81,98
Women's Diamond Roman Scale Steel Band Quartz Watch Strap Bracelet Strap Remover,284,479,41,47,Free Shipping,95,97
Imported Branded watch for men Latest New design 2023 watches for men women boy girl mens men's watch for gift 2021 steel chain branded casual wrist rubber anlog digital stylish,699,3000,77,542,Pakistan,85,87
Classic Luxury Watch for Men / Boys - Stylish Stainless Steel Analog Quartz Mens Watches,549,1499,63,1079,Free Shipping,88,85
SKMEI Sports Fashion Quartz Dual Display Waterproof Watch For Men 1389,3799,4899,22,3936,Free Shipping,88,92
MWC New Arrival 2022 Fashion Women Men mesh Touch Led Bracelet Digital Watch Band for boys Girls- Led Touch Digital Display Watch Girls Silicone Strap Student Children wrist Watch Electronic Sports Watches,220,950,77,603,Free Shipping,87,91
Square Quartz Digital Dial Casual Wrist Watches Macaron Leather Strap Fashionable Clock Waterproof Wristwatch,670,1167,43,218,Free Shipping,87,90
Analog Watches For Girls Luxury Stylish Girls Analog Handmade Braided Bracelet Watch Thread Knitted Weaved Strap Women Dress Casual Watches Relogio Feminino Female Ladies Wrist Watch Best For Personal Use Or Gift Birthday Party,299,999,70,419,Free Shipping,89,99
M4 Waterproof Sport Led Digital Watch For Boys & Girls - All Colours Available,195,450,57,133,Pakistan,94,93
